<?xml version="1.0" encoding="UTF-8"?>
<beans xmlns="http://www.springframework.org/schema/beans"
    xmlns:xsi="http://www.w3.org/2001/XMLSchema-instance" 
    xmlns:mvc="http://www.springframework.org/schema/mvc"
    xmlns:context="http://www.springframework.org/schema/context"
    xmlns:tx="http://www.springframework.org/schema/tx"
    xmlns:security="http://www.springframework.org/schema/security" 
    xsi:schemaLocation="http://www.springframework.org/schema/beans
    http://www.springframework.org/schema/beans/spring-beans.xsd
    http://www.springframework.org/schema/mvc
    http://www.springframework.org/schema/mvc/spring-mvc.xsd
    http://www.springframework.org/schema/context
    http://www.springframework.org/schema/context/spring-context.xsd
    http://www.springframework.org/schema/tx
    http://www.springframework.org/schema/tx/spring-tx.xsd
    http://www.springframework.org/schema/security
    http://www.springframework.org/schema/security/spring-security-3.2.xsd">
    
    <context:component-scan base-package="com.musichub.controller" />
	<context:component-scan base-package="com.musichub.service" />
	<context:component-scan base-package="com.musichub.dao" />
	<context:component-scan base-package="com.musichub.model" />
	
	<mvc:annotation-driven />

	<!-- <bean id="dataDaoImpl" class="com.musichub.dao.UserDataDaoImpl" /> 
		<bean id="dataServiceImpl" class="com.musichub.service.UserDataServiceImpl" 
		/> -->

	<!--Creating datasource for h2 database -->
	<bean id="dataSource" class="org.apache.commons.dbcp.BasicDataSource">
		<property name="driverClassName" value="org.h2.Driver" />
		<property name="url" value="jdbc:h2:tcp://localhost/~/test" />
		<property name="username" value="sa" />
		<property name="password" value="sa" />
	</bean>
	<!--Object created for sessionfactory -->
	<bean id="sessionFactory"
		class="org.springframework.orm.hibernate4.LocalSessionFactoryBean">
		<property name="dataSource" ref="dataSource" />
		<property name="packagesToScan">
			<list>
				<value>com.musichub</value>
			</list>
		</property>
		<property name="hibernateProperties">
			<props>
				<prop key="hibernate.dialect">org.hibernate.dialect.H2Dialect</prop>

				<prop key="hibernate.hbm2ddl.auto">update</prop>

				<prop key="hibernate.show_sql">true</prop>

			</props>
		</property>
	</bean>
	<!--Object created for transaction manager -->
	 <tx:annotation-driven/>
	<bean id="transactionManager" class="org.springframework.orm.hibernate4.HibernateTransactionManager">
		<property name="sessionFactory" ref="sessionFactory" />
	</bean>
<!-- <bean id = "userDao" class="com.musichub.dao.UserDao">   
<property name="sessionFactory" ref="sessionFactory"/> 
</bean> 
<bean id="userServImpl" class="com.musichub.service.UserServiceImpl" /> -->


<security:http>
<security:intercept-url pattern="/login*" access="ROLE_ADMIN"/>
<security:form-login login-page="/login" default-target-url="/welcome" authentication-failure-url="/login_failed"/>
<security:logout logout-success-url="/logout" />
</security:http>
<security:authentication-manager>
<security:authentication-provider>
<!-- <security:user-service> <security:user name="dineshonjava" password="sweety" 
				authorities="ROLE_USER" /> </security:user-service> -->
<security:jdbc-user-service data-source-ref="dataSource" users-by-username-query="select username, password, userid from user where username=?" authorities-by-username-query="select us.username, ur.authority from user us, user_roles ur where us.userid = ur.user_id and us.username=? and ur.authority='ROLE_ADMIN'"/>
</security:authentication-provider>
</security:authentication-manager>



<!--   <security:http auto-config="true" use-expressions="true">
		<security:intercept-url pattern="/userLogin*" access="hasRole('ROLE_USER')"/>
<security:form-login login-page="/userLogin"
			default-target-url="/home" authentication-failure-url="/userfailed" />
		<security:logout logout-success-url="/user_logout" />
</security:http>
	<security:authentication-manager>
		<security:authentication-provider>
			
			<security:jdbc-user-service
				data-source-ref="dataSource"
				users-by-username-query="select username, password, userid from user where username=?"
				authorities-by-username-query="select us.username, ur.authority from user us, user_roles ur   
        where us.userid = ur.user_id and us.username=? and ur.authority='ROLE_USER'" />
		</security:authentication-provider>
	</security:authentication-manager> -->
	
	
	<bean id="multipartResolver" class="org.springframework.web.multipart.commons.CommonsMultipartResolver">
	<property name="maxUploadSize" value="5242880"/>
	</bean>
	
	
	
    <bean id="messageSource" class="org.springframework.context.support.ReloadableResourceBundleMessageSource">
	 <property name="basename" value="/resources/ff/messages" />
	 <property name="cacheSeconds" value="3000" />
	 </bean>
	
	
	<bean id="productValidator" class="com.musichub.model.ProductValidator"/>

 
    <!--<bean name="/admin.jsp" class="com.musichub.controller.HandleController">

        <property name="formView" value="admin"/>

        <property name="successView" value="plist"/>

        <property name="validator" ref="productValidator"/> 

    </bean>-->

 
    
 
	
	
	
</beans> 
        
           
   


 
    
